code,track_id,resource_key,layer,loop,master_file,asset_status,start_seconds,playback_duration_seconds,default_volume,angle_rad,radius,asset_duration_seconds,requires_engine_crossfade,crossfade_ms,license_status,measured_lufs,true_peak_dbtp,measurement_tool,measurement_date,usage
A01-L,3c6c0188-1f35-57b6-adbd-1041997e6c91,hair_wash_water_cycle,environment,true,dw_ref_env_hair_wash_water_cycle_loop_sc_hair_far_v03_t01.wav,ref,0.0,113.0,0.2,0.18,0.92,48.75,true,1200,pending,-25.15,-3.5,ffmpeg loudnorm + numpy spectral QC,2026-08-05,开场、调水和退出阶段的远景水循环
A02,a8f15c0f-c610-51c9-ba22-81e33c5856f6,hair_wash_wet,environment,false,dw_ref_env_hair_wash_wet_oneshot_sc_hair_wet_v03_t01.wav,ref,127.0,35.0,0.33,0.0,0.66,29.975,false,0,pending,-24.99,-3.5,ffmpeg loudnorm + numpy spectral QC,2026-08-05,两段打湿和湿发拨动
A03,94054d67-d558-5f60-90b4-5370ec3b73fc,hair_wash_foam_start,trigger,false,dw_ref_trg_hair_wash_foam_start_oneshot_sc_hair_near_v03_t01.wav,ref,188.0,3.4,0.45,-0.35,0.32,3.4,false,0,pending,-23.4,-3.47,ffmpeg loudnorm + numpy spectral QC,2026-08-05,取用洗发水时的一次按压
A04-L,ac3556b2-8b76-5cd1-8468-66f691f428da,hair_wash_foam_rub,ambience,true,dw_ref_amb_hair_wash_foam_rub_loop_sc_hair_near_v03_t01.wav,ref,191.0,58.0,0.38,-0.28,0.42,108.75,true,1200,pending,-22.94,-3.5,ffmpeg loudnorm + numpy spectral QC,2026-08-05,泡沫初起、铺开、左侧揉洗和纯声留白
A05-L,8c298978-b530-5d36-be43-dc85e5454e0d,hair_wash_scalp_foam,ambience,true,dw_ref_amb_hair_wash_scalp_foam_loop_sc_hair_near_v03_t01.wav,ref,260.0,32.0,0.4,0.25,0.39,108.75,true,1200,pending,-23.11,-3.43,ffmpeg loudnorm + numpy spectral QC,2026-08-05,头皮、头顶和左右耳侧泡沫按摩
A07,9696d138-6fb3-5941-beb2-42075a5d83cb,hair_wash_rinse,environment,false,dw_ref_env_hair_wash_rinse_oneshot_sc_hair_wet_v03_t01.wav,ref,370.0,43.0,0.36,0.45,0.68,44.975,false,0,pending,-25.1,-3.53,ffmpeg loudnorm + numpy spectral QC,2026-08-05,三段冲洗与湿发整理
A10-L,8cfbe72f-83c1-56af-b744-ed5cee179aa8,hair_wash_finger_massage,ambience,true,dw_ref_amb_hair_wash_finger_massage_loop_sc_hair_near_v03_t01.wav,ref,520.0,22.0,0.34,0.32,0.34,134.75,true,1200,pending,-24.27,-3.22,ffmpeg loudnorm + numpy spectral QC,2026-08-05,收束阶段的指腹头皮按摩
A11,f5bc37e9-6721-5ef5-bf29-daa5327aea59,hair_towel,trigger,false,dw_ref_trg_hair_towel_press_oneshot_sc_hair_soft_v05_t01.wav,ref,459.0,12.0,0.43,-0.55,0.34,6.0,false,0,pending,-22.44,-3.66,ffmpeg loudnorm + numpy spectral QC,2026-08-05,两组低底噪三次毛巾轻按
A12,798599d3-a11c-544e-a73e-81519276cb9d,water_drip_roomtone,ambience,false,dw_ref_amb_water_drip_sparse_oneshot_sc_room_far_v01_t01.wav,ref,30.0,50.0,0.22,-0.62,0.9,25.0,false,0,pending,-33.57,-9.93,ffmpeg loudnorm + numpy spectral QC,2026-08-05,两段稀疏远景滴水，替代 ac_hum
V01,334534b8-e8bc-5ff7-98c4-80af0ab98ca9,voice_phrase_01,voice,false,dw_ref_vox_hair_wash_phrase_01_oneshot_sc_hair_center_v02_t01.wav,ref,3.0,4.1,0.68,0.0,0.38,4.1,false,0,pending,-40.23,-16.54,ffmpeg 8.1.2 loudnorm analysis,2026-08-05,原声直切提示句 01；0dB 增益、无降噪/压缩/补静音
V02,6c756118-9f47-5135-b4f8-780d1b1ae22c,voice_phrase_02,voice,false,dw_ref_vox_hair_wash_phrase_02_oneshot_sc_hair_center_v02_t01.wav,ref,35.0,2.6,0.68,0.0,0.38,2.6,false,0,pending,-37.73,-20.42,ffmpeg 8.1.2 loudnorm analysis,2026-08-05,原声直切提示句 02；0dB 增益、无降噪/压缩/补静音
V03,23526a62-70ed-52ec-8117-be50dcb45942,voice_phrase_03,voice,false,dw_ref_vox_hair_wash_phrase_03_oneshot_sc_hair_center_v02_t01.wav,ref,58.0,2.95,0.68,0.0,0.38,2.95,false,0,pending,-42.03,-23.1,ffmpeg 8.1.2 loudnorm analysis,2026-08-05,原声直切提示句 03；0dB 增益、无降噪/压缩/补静音
V04,fec93bda-1ddb-5836-9903-3799c17ee1b7,voice_phrase_04,voice,false,dw_ref_vox_hair_wash_phrase_04_oneshot_sc_hair_center_v02_t01.wav,ref,88.0,4.55,0.68,0.0,0.38,4.55,false,0,pending,-41.52,-22.57,ffmpeg 8.1.2 loudnorm analysis,2026-08-05,原声直切提示句 04；0dB 增益、无降噪/压缩/补静音
V05,d55fb460-10a4-546c-90dd-18dd0b5dac18,voice_phrase_05,voice,false,dw_ref_vox_hair_wash_phrase_05_oneshot_sc_hair_center_v02_t01.wav,ref,118.0,4.15,0.68,0.0,0.38,4.15,false,0,pending,-40.82,-21.9,ffmpeg 8.1.2 loudnorm analysis,2026-08-05,原声直切提示句 05；0dB 增益、无降噪/压缩/补静音
V06,55d99728-e2be-566b-953c-f4c730cbfe76,voice_phrase_06,voice,false,dw_ref_vox_hair_wash_phrase_06_oneshot_sc_hair_center_v02_t01.wav,ref,149.0,4.4,0.68,0.0,0.38,4.4,false,0,pending,-41.78,-20.93,ffmpeg 8.1.2 loudnorm analysis,2026-08-05,原声直切提示句 06；0dB 增益、无降噪/压缩/补静音
V07,4bc90a4e-58fa-5411-980e-b8f3136c8bd2,voice_phrase_07,voice,false,dw_ref_vox_hair_wash_phrase_07_oneshot_sc_hair_center_v02_t01.wav,ref,178.0,4.15,0.68,0.0,0.38,4.15,false,0,pending,-39.04,-17.95,ffmpeg 8.1.2 loudnorm analysis,2026-08-05,原声直切提示句 07；0dB 增益、无降噪/压缩/补静音
V08,5df8d8ba-872e-502e-af1b-3f863201a3fb,voice_phrase_08,voice,false,dw_ref_vox_hair_wash_phrase_08_oneshot_sc_hair_center_v02_t01.wav,ref,210.0,3.05,0.68,0.0,0.38,3.05,false,0,pending,-47.99,-27.72,ffmpeg 8.1.2 loudnorm analysis,2026-08-05,原声直切提示句 08；0dB 增益、无降噪/压缩/补静音
V09,054a8001-c09c-5755-9f50-ceafbac7f804,voice_phrase_09,voice,false,dw_ref_vox_hair_wash_phrase_09_oneshot_sc_hair_center_v02_t01.wav,ref,240.0,4.05,0.68,0.0,0.38,4.05,false,0,pending,-45.13,-24.7,ffmpeg 8.1.2 loudnorm analysis,2026-08-05,原声直切提示句 09；0dB 增益、无降噪/压缩/补静音
V10,332a3801-dcf4-514e-b674-79aebfba04bf,voice_phrase_10,voice,false,dw_ref_vox_hair_wash_phrase_10_oneshot_sc_hair_center_v02_t01.wav,ref,270.0,3.7,0.68,0.0,0.38,3.7,false,0,pending,-35.31,-15.16,ffmpeg 8.1.2 loudnorm analysis,2026-08-05,原声直切提示句 10；0dB 增益、无降噪/压缩/补静音
V11,80c62f91-e85f-5cbf-a989-8b369343ce15,voice_phrase_11,voice,false,dw_ref_vox_hair_wash_phrase_11_oneshot_sc_hair_center_v02_t01.wav,ref,300.0,3.95,0.68,0.0,0.38,3.95,false,0,pending,-41.16,-21.1,ffmpeg 8.1.2 loudnorm analysis,2026-08-05,原声直切提示句 11；0dB 增益、无降噪/压缩/补静音
V12,fc53f107-af9e-54b6-9395-717977ad83cf,voice_phrase_12,voice,false,dw_ref_vox_hair_wash_phrase_12_oneshot_sc_hair_center_v02_t01.wav,ref,360.0,3.65,0.68,0.0,0.38,3.65,false,0,pending,-42.66,-26.1,ffmpeg 8.1.2 loudnorm analysis,2026-08-05,原声直切提示句 12；0dB 增益、无降噪/压缩/补静音
V13,a8e97b85-2687-5fa8-8c8a-e56b2f4e778e,voice_phrase_13,voice,false,dw_ref_vox_hair_wash_phrase_13_oneshot_sc_hair_center_v02_t01.wav,ref,390.0,3.98,0.68,0.0,0.38,3.98,false,0,pending,-38.61,-19.13,ffmpeg 8.1.2 loudnorm analysis,2026-08-05,原声直切提示句 13；0dB 增益、无降噪/压缩/补静音
V14,74461357-965f-5fd7-80ef-f19bdff00356,voice_phrase_14,voice,false,dw_ref_vox_hair_wash_phrase_14_oneshot_sc_hair_center_v02_t01.wav,ref,420.0,3.87,0.68,0.0,0.38,3.87,false,0,pending,-39.5,-20.61,ffmpeg 8.1.2 loudnorm analysis,2026-08-05,原声直切提示句 14；0dB 增益、无降噪/压缩/补静音
V15,551764d7-f818-5a93-92a3-ec26ecd1a2a3,voice_phrase_15,voice,false,dw_ref_vox_hair_wash_phrase_15_oneshot_sc_hair_center_v02_t01.wav,ref,449.0,3.88,0.68,0.0,0.38,3.88,false,0,pending,-42.27,-18.91,ffmpeg 8.1.2 loudnorm analysis,2026-08-05,原声直切提示句 15；0dB 增益、无降噪/压缩/补静音
V16,b3410b17-bf95-5d08-b182-372ba291ca1a,voice_phrase_16,voice,false,dw_ref_vox_hair_wash_phrase_16_oneshot_sc_hair_center_v02_t01.wav,ref,480.0,4.15,0.68,0.0,0.38,4.15,false,0,pending,-40.27,-20.64,ffmpeg 8.1.2 loudnorm analysis,2026-08-05,原声直切提示句 16；0dB 增益、无降噪/压缩/补静音
V17,189714af-c37b-5953-86f0-5ae5545f85ee,voice_phrase_17,voice,false,dw_ref_vox_hair_wash_phrase_17_oneshot_sc_hair_center_v02_t01.wav,ref,511.0,3.7,0.68,0.0,0.38,3.7,false,0,pending,-40.39,-23.7,ffmpeg 8.1.2 loudnorm analysis,2026-08-05,原声直切提示句 17；0dB 增益、无降噪/压缩/补静音
V18,9a785455-0b6e-52b9-8c94-3966e97f13ef,voice_phrase_18,voice,false,dw_ref_vox_hair_wash_phrase_18_oneshot_sc_hair_center_v02_t01.wav,ref,544.0,2.32,0.68,0.0,0.38,2.32,false,0,pending,-43.93,-27.07,ffmpeg 8.1.2 loudnorm analysis,2026-08-05,原声直切提示句 18；0dB 增益、无降噪/压缩/补静音
V19,61a9747a-eb6e-5eb3-9d0b-ca2b05c0585c,voice_phrase_19,voice,false,dw_ref_vox_hair_wash_phrase_19_oneshot_sc_hair_center_v02_t01.wav,ref,574.0,3.3,0.68,0.0,0.38,3.3,false,0,pending,-43.31,-20.52,ffmpeg 8.1.2 loudnorm analysis,2026-08-05,原声直切提示句 19；0dB 增益、无降噪/压缩/补静音
V20,8ca2e247-1cd2-5ef0-bc60-767676957141,voice_phrase_20,voice,false,dw_ref_vox_hair_wash_phrase_20_oneshot_sc_hair_center_v02_t01.wav,ref,604.0,7.55,0.68,0.0,0.38,7.55,false,0,pending,-33.52,-15.0,ffmpeg 8.1.2 loudnorm analysis,2026-08-05,原声直切提示句 20；0dB 增益、无降噪/压缩/补静音
