code,resource_key,file,duration_seconds,sample_rate_hz,channels,integrated_lufs,true_peak_dbtp,loop_test_required_seconds,crossfade_ms,status,manual_checks
A01-L,hair_wash_water_cycle,dw_ref_env_hair_wash_water_cycle_loop_sc_hair_far_v03_t01.wav,48.75,48000,2,-25.15,-3.5,120,1200,machine_pass_human_pending,手机外放/耳机/授权/路径安全待确认；连续循环2分钟待确认
A02,hair_wash_wet,dw_ref_env_hair_wash_wet_oneshot_sc_hair_wet_v03_t01.wav,29.975,48000,2,-24.99,-3.5,0,0,machine_pass_human_pending,手机外放/耳机/授权/路径安全待确认
A03,hair_wash_foam_start,dw_ref_trg_hair_wash_foam_start_oneshot_sc_hair_near_v03_t01.wav,3.4,48000,2,-23.4,-3.47,0,0,machine_pass_human_pending,手机外放/耳机/授权/路径安全待确认
A04-L,hair_wash_foam_rub,dw_ref_amb_hair_wash_foam_rub_loop_sc_hair_near_v03_t01.wav,108.75,48000,2,-22.94,-3.5,120,1200,machine_pass_human_pending,手机外放/耳机/授权/路径安全待确认；连续循环2分钟待确认
A05-L,hair_wash_scalp_foam,dw_ref_amb_hair_wash_scalp_foam_loop_sc_hair_near_v03_t01.wav,108.75,48000,2,-23.11,-3.43,120,1200,machine_pass_human_pending,手机外放/耳机/授权/路径安全待确认；连续循环2分钟待确认
A07,hair_wash_rinse,dw_ref_env_hair_wash_rinse_oneshot_sc_hair_wet_v03_t01.wav,44.975,48000,2,-25.1,-3.53,0,0,machine_pass_human_pending,手机外放/耳机/授权/路径安全待确认
A10-L,hair_wash_finger_massage,dw_ref_amb_hair_wash_finger_massage_loop_sc_hair_near_v03_t01.wav,134.75,48000,2,-24.27,-3.22,120,1200,machine_pass_human_pending,手机外放/耳机/授权/路径安全待确认；连续循环2分钟待确认
A11,hair_towel,dw_ref_trg_hair_towel_press_oneshot_sc_hair_soft_v05_t01.wav,6.0,48000,2,-22.44,-3.66,0,0,machine_pass_human_pending,手机外放/耳机/授权/路径安全待确认
A12,water_drip_roomtone,dw_ref_amb_water_drip_sparse_oneshot_sc_room_far_v01_t01.wav,25.0,48000,2,-33.57,-9.93,0,0,machine_pass_human_pending,手机外放/耳机/授权/路径安全待确认
V01,voice_phrase_01,dw_ref_vox_hair_wash_phrase_01_oneshot_sc_hair_center_v02_t01.wav,4.1,48000,2,-40.23,-16.54,0,0,sample_copy_pass;duration_out_of_spec;loudness_out_of_spec;qc_pending,逐句完整性/文本/语气/爆破音/手机外放/耳机/声线授权待确认
V02,voice_phrase_02,dw_ref_vox_hair_wash_phrase_02_oneshot_sc_hair_center_v02_t01.wav,2.6,48000,2,-37.73,-20.42,0,0,sample_copy_pass;duration_out_of_spec;loudness_out_of_spec;qc_pending,逐句完整性/文本/语气/爆破音/手机外放/耳机/声线授权待确认
V03,voice_phrase_03,dw_ref_vox_hair_wash_phrase_03_oneshot_sc_hair_center_v02_t01.wav,2.95,48000,2,-42.03,-23.1,0,0,sample_copy_pass;duration_out_of_spec;loudness_out_of_spec;qc_pending,逐句完整性/文本/语气/爆破音/手机外放/耳机/声线授权待确认
V04,voice_phrase_04,dw_ref_vox_hair_wash_phrase_04_oneshot_sc_hair_center_v02_t01.wav,4.55,48000,2,-41.52,-22.57,0,0,sample_copy_pass;duration_out_of_spec;loudness_out_of_spec;qc_pending,逐句完整性/文本/语气/爆破音/手机外放/耳机/声线授权待确认
V05,voice_phrase_05,dw_ref_vox_hair_wash_phrase_05_oneshot_sc_hair_center_v02_t01.wav,4.15,48000,2,-40.82,-21.9,0,0,sample_copy_pass;duration_out_of_spec;loudness_out_of_spec;qc_pending,逐句完整性/文本/语气/爆破音/手机外放/耳机/声线授权待确认
V06,voice_phrase_06,dw_ref_vox_hair_wash_phrase_06_oneshot_sc_hair_center_v02_t01.wav,4.4,48000,2,-41.78,-20.93,0,0,sample_copy_pass;duration_out_of_spec;loudness_out_of_spec;qc_pending,逐句完整性/文本/语气/爆破音/手机外放/耳机/声线授权待确认
V07,voice_phrase_07,dw_ref_vox_hair_wash_phrase_07_oneshot_sc_hair_center_v02_t01.wav,4.15,48000,2,-39.04,-17.95,0,0,sample_copy_pass;duration_out_of_spec;loudness_out_of_spec;qc_pending,逐句完整性/文本/语气/爆破音/手机外放/耳机/声线授权待确认
V08,voice_phrase_08,dw_ref_vox_hair_wash_phrase_08_oneshot_sc_hair_center_v02_t01.wav,3.05,48000,2,-47.99,-27.72,0,0,sample_copy_pass;duration_out_of_spec;loudness_out_of_spec;qc_pending,逐句完整性/文本/语气/爆破音/手机外放/耳机/声线授权待确认
V09,voice_phrase_09,dw_ref_vox_hair_wash_phrase_09_oneshot_sc_hair_center_v02_t01.wav,4.05,48000,2,-45.13,-24.7,0,0,sample_copy_pass;duration_out_of_spec;loudness_out_of_spec;qc_pending,逐句完整性/文本/语气/爆破音/手机外放/耳机/声线授权待确认
V10,voice_phrase_10,dw_ref_vox_hair_wash_phrase_10_oneshot_sc_hair_center_v02_t01.wav,3.7,48000,2,-35.31,-15.16,0,0,sample_copy_pass;duration_out_of_spec;loudness_out_of_spec;qc_pending,逐句完整性/文本/语气/爆破音/手机外放/耳机/声线授权待确认
V11,voice_phrase_11,dw_ref_vox_hair_wash_phrase_11_oneshot_sc_hair_center_v02_t01.wav,3.95,48000,2,-41.16,-21.1,0,0,sample_copy_pass;duration_out_of_spec;loudness_out_of_spec;qc_pending,逐句完整性/文本/语气/爆破音/手机外放/耳机/声线授权待确认
V12,voice_phrase_12,dw_ref_vox_hair_wash_phrase_12_oneshot_sc_hair_center_v02_t01.wav,3.65,48000,2,-42.66,-26.1,0,0,sample_copy_pass;duration_out_of_spec;loudness_out_of_spec;qc_pending,逐句完整性/文本/语气/爆破音/手机外放/耳机/声线授权待确认
V13,voice_phrase_13,dw_ref_vox_hair_wash_phrase_13_oneshot_sc_hair_center_v02_t01.wav,3.98,48000,2,-38.61,-19.13,0,0,sample_copy_pass;duration_out_of_spec;loudness_out_of_spec;qc_pending,逐句完整性/文本/语气/爆破音/手机外放/耳机/声线授权待确认
V14,voice_phrase_14,dw_ref_vox_hair_wash_phrase_14_oneshot_sc_hair_center_v02_t01.wav,3.87,48000,2,-39.5,-20.61,0,0,sample_copy_pass;duration_out_of_spec;loudness_out_of_spec;qc_pending,逐句完整性/文本/语气/爆破音/手机外放/耳机/声线授权待确认
V15,voice_phrase_15,dw_ref_vox_hair_wash_phrase_15_oneshot_sc_hair_center_v02_t01.wav,3.88,48000,2,-42.27,-18.91,0,0,sample_copy_pass;duration_out_of_spec;loudness_out_of_spec;qc_pending,逐句完整性/文本/语气/爆破音/手机外放/耳机/声线授权待确认
V16,voice_phrase_16,dw_ref_vox_hair_wash_phrase_16_oneshot_sc_hair_center_v02_t01.wav,4.15,48000,2,-40.27,-20.64,0,0,sample_copy_pass;duration_out_of_spec;loudness_out_of_spec;qc_pending,逐句完整性/文本/语气/爆破音/手机外放/耳机/声线授权待确认
V17,voice_phrase_17,dw_ref_vox_hair_wash_phrase_17_oneshot_sc_hair_center_v02_t01.wav,3.7,48000,2,-40.39,-23.7,0,0,sample_copy_pass;duration_out_of_spec;loudness_out_of_spec;qc_pending,逐句完整性/文本/语气/爆破音/手机外放/耳机/声线授权待确认
V18,voice_phrase_18,dw_ref_vox_hair_wash_phrase_18_oneshot_sc_hair_center_v02_t01.wav,2.32,48000,2,-43.93,-27.07,0,0,sample_copy_pass;duration_out_of_spec;loudness_out_of_spec;qc_pending,逐句完整性/文本/语气/爆破音/手机外放/耳机/声线授权待确认
V19,voice_phrase_19,dw_ref_vox_hair_wash_phrase_19_oneshot_sc_hair_center_v02_t01.wav,3.3,48000,2,-43.31,-20.52,0,0,sample_copy_pass;duration_out_of_spec;loudness_out_of_spec;qc_pending,逐句完整性/文本/语气/爆破音/手机外放/耳机/声线授权待确认
V20,voice_phrase_20,dw_ref_vox_hair_wash_phrase_20_oneshot_sc_hair_center_v02_t01.wav,7.55,48000,2,-33.52,-15.0,0,0,sample_copy_pass;duration_pass;loudness_out_of_spec;qc_pending,逐句完整性/文本/语气/爆破音/手机外放/耳机/声线授权待确认
